{"cameraMode":{"drawMode":0,"name":"Shaded","section":"Shading Mode"},"sceneLighting":false,"audioPlay":false,"sceneViewState":{"m_AlwaysRefresh":false,"showFog":true,"showSkybox":false,"showFlares":true,"showImageEffects":true,"showParticleSystems":true,"showVisualEffectGraphs":true,"m_FxEnabled":true},"in2DMode":false,"pivot":{"x":0.7905266284942627,"y":0.5883790254592896,"z":-0.05488497018814087},"rotation":{"x":0.06431135535240174,"y":-0.5806606411933899,"z":0.05705857649445534,"w":0.8115846514701843},"size":0.9851100444793701,"orthographic":false}