{"cameraMode":{"drawMode":0,"name":"Shaded","section":"Shading Mode"},"sceneLighting":false,"audioPlay":false,"sceneViewState":{"m_AlwaysRefresh":false,"showFog":true,"showSkybox":false,"showFlares":true,"showImageEffects":true,"showParticleSystems":true,"showVisualEffectGraphs":true,"m_FxEnabled":true},"in2DMode":false,"pivot":{"x":124.01494598388672,"y":11.424277305603028,"z":102.63513946533203},"rotation":{"x":-0.11895251274108887,"y":-0.643608570098877,"z":0.09573039412498474,"w":-0.7520503997802734},"size":5.1417717933654789,"orthographic":false}