{"cameraMode":{"drawMode":0,"name":"Shaded","section":"Shading Mode"},"sceneLighting":false,"audioPlay":false,"sceneViewState":{"m_AlwaysRefresh":false,"showFog":true,"showSkybox":false,"showFlares":true,"showImageEffects":true,"showParticleSystems":true,"showVisualEffectGraphs":true,"m_FxEnabled":true},"in2DMode":false,"pivot":{"x":-0.5675420761108398,"y":4.168061256408691,"z":0.000029861927032470703},"rotation":{"x":0.19217553734779359,"y":-0.2893741726875305,"z":0.06469623744487763,"w":0.9361628293991089},"size":10.904431343078614,"orthographic":false}