{"cameraMode":{"drawMode":0,"name":"Shaded","section":"Shading Mode"},"sceneLighting":false,"audioPlay":false,"sceneViewState":{"m_AlwaysRefresh":false,"showFog":true,"showSkybox":false,"showFlares":true,"showImageEffects":true,"showParticleSystems":true,"showVisualEffectGraphs":true,"m_FxEnabled":true},"in2DMode":false,"pivot":{"x":1.7043920755386353,"y":5.7949442863464359,"z":1.4734396934509278},"rotation":{"x":-0.07878877222537995,"y":0.9130536913871765,"z":-0.23215271532535554,"w":-0.3277243375778198},"size":0.8660253882408142,"orthographic":false}